"DESCRIPTION","DURATION IN MS","NAME","PARENT SUITE","START TIME","STATUS","STOP TIME","SUB SUITE","SUITE","TEST CLASS","TEST METHOD"
"","206","test_get_test_data_by_entity[likes]","test.api.testdata","2026-09-23","passed","2026-09-23","","test_testdata","",""
"/home/runner/work/python-playwright/python-playwright/test/web/features/transaction_privacy.feature: Only public transactions are visible to unrelated users","2505","test_only_public_transactions_are_visible_to_unrelated_users","test.web","2026-09-23","passed","2026-09-23","","test_scenarios","",""
"","397","test_patch_transaction_reject_request","test.api.transaction","2026-09-23","passed","2026-09-23","","test_transactions","",""
"","305","test_users_search","test.api.users","2026-09-23","passed","2026-09-23","","test_users","",""
"","595","test_patch_transaction_accept_request","test.api.transaction","2026-09-23","passed","2026-09-23","","test_transactions","",""
"","261","test_transactions_public","test.api.transaction","2026-09-23","passed","2026-09-23","","test_transactions","",""
"","625","test_delete_bank_account","test.api.bankaccounts","2026-09-23","passed","2026-09-23","","test_bankaccounts","",""
"","24","test_transactions_without_auth","test.api.transaction","2026-09-23","passed","2026-09-23","","test_transactions","",""
"/home/runner/work/python-playwright/python-playwright/test/web/features/user_settings.feature: Update the user profile name","1308","test_update_the_user_profile_name","test.web","2026-09-23","passed","2026-09-23","","test_scenarios","",""
"","478","test_transactions_custom_limit","test.api.transaction","2026-09-23","passed","2026-09-23","","test_transactions","",""
"","71","test_login[Heath93--400]","test.api.login","2026-09-23","passed","2026-09-23","","test_login","",""
"","601","test_post_comment_validation_error","test.api.comments","2026-09-23","passed","2026-09-23","","test_comments","",""
"/home/runner/work/python-playwright/python-playwright/test/web/features/transactions.feature: View the public transactions feed","1265","test_view_the_public_transactions_feed","test.web","2026-09-23","passed","2026-09-23","","test_scenarios","",""
"","75","test_login[user_expired-s3cret-401]","test.api.login","2026-09-23","passed","2026-09-23","","test_login","",""
"","129","test_users_list_without_auth","test.api.users","2026-09-23","passed","2026-09-23","","test_users","",""
"/home/runner/work/python-playwright/python-playwright/test/web/features/transactions.feature: Accept a pending payment request","1349","test_accept_a_pending_payment_request","test.web","2026-09-23","passed","2026-09-23","","test_scenarios","",""
"/home/runner/work/python-playwright/python-playwright/test/web/features/transactions.feature: View transaction detail","1208","test_view_transaction_detail","test.web","2026-09-23","passed","2026-09-23","","test_scenarios","",""
"","435","test_post_transaction_payment","test.api.transaction","2026-09-23","passed","2026-09-23","","test_transactions","",""
"","386","test_post_transaction_validation_errors[payload1-amount]","test.api.transaction","2026-09-23","passed","2026-09-23","","test_transactions","",""
"/home/runner/work/python-playwright/python-playwright/test/web/features/transactions.feature: Filter personal transactions by amount range","1556","test_filter_personal_transactions_by_amount_range","test.web","2026-09-23","passed","2026-09-23","","test_scenarios","",""
"/home/runner/work/python-playwright/python-playwright/test/web/features/notifications.feature: Mark a notification as read","1286","test_mark_a_notification_as_read","test.web","2026-09-23","passed","2026-09-23","","test_scenarios","",""
"","389","test_bank_transfers_list","test.api.banktransfers","2026-09-23","passed","2026-09-23","","test_banktransfers","",""
"","376","test_post_transaction_request","test.api.transaction","2026-09-23","passed","2026-09-23","","test_transactions","",""
"/home/runner/work/python-playwright/python-playwright/test/web/features/transactions.feature: View the friends transactions feed","1305","test_view_the_friends_transactions_feed","test.web","2026-09-23","passed","2026-09-23","","test_scenarios","",""
"","8","test_bank_transfers_list_without_auth","test.api.banktransfers","2026-09-23","passed","2026-09-23","","test_banktransfers","",""
"","365","test_get_comments_invalid_id","test.api.comments","2026-09-23","passed","2026-09-23","","test_comments","",""
"/home/runner/work/python-playwright/python-playwright/test/web/features/login.feature: Log out ends the session","2221","test_log_out_ends_the_session","test.web","2026-09-23","passed","2026-09-23","","test_scenarios","",""
"","463","test_get_bank_account_by_id","test.api.bankaccounts","2026-09-23","passed","2026-09-23","","test_bankaccounts","",""
"","178","test_check_auth_after_login","test.api.login","2026-09-23","passed","2026-09-23","","test_login","",""
"","298","test_post_contact","test.api.contacts","2026-09-23","passed","2026-09-23","","test_contacts","",""
"/home/runner/work/python-playwright/python-playwright/test/web/features/user_settings.feature: See a validation error for an invalid email","1206","test_see_a_validation_error_for_an_invalid_email","test.web","2026-09-23","passed","2026-09-23","","test_scenarios","",""
"","301","test_post_notifications_bulk_validation_error","test.api.notifications","2026-09-23","passed","2026-09-23","","test_notifications","",""
"/home/runner/work/python-playwright/python-playwright/test/web/features/login.feature: Login storage state","1797","test_login_storage_state","test.web","2026-09-23","passed","2026-09-23","","test_scenarios","",""
"","253","test_post_notifications_bulk","test.api.notifications","2026-09-23","passed","2026-09-23","","test_notifications","",""
"","473","test_transactions_filtered_by_status","test.api.transaction","2026-09-23","passed","2026-09-23","","test_transactions","",""
"","362","test_patch_user","test.api.users","2026-09-23","passed","2026-09-23","","test_users","",""
"","77","test_get_test_data_by_entity[contacts]","test.api.testdata","2026-09-23","passed","2026-09-23","","test_testdata","",""
"/home/runner/work/python-playwright/python-playwright/test/web/features/login.feature: Failed login with invalid credentials","1195","test_failed_login_with_invalid_credentials","test.web","2026-09-23","passed","2026-09-23","","test_scenarios","",""
"","285","test_get_transaction_by_id_invalid_id","test.api.transaction","2026-09-23","passed","2026-09-23","","test_transactions","",""
"/home/runner/work/python-playwright/python-playwright/test/web/features/bank_accounts.feature: See a validation error for a missing account number","1308","test_see_a_validation_error_for_a_missing_account_number","test.web","2026-09-23","passed","2026-09-23","","test_scenarios","",""
"","68","test_check_auth_without_login","test.api.login","2026-09-23","passed","2026-09-23","","test_login","",""
"","297","test_delete_contact_invalid_id","test.api.contacts","2026-09-23","passed","2026-09-23","","test_contacts","",""
"","158","test_notifications_list","test.api.notifications","2026-09-23","passed","2026-09-23","","test_notifications","",""
"/home/runner/work/python-playwright/python-playwright/test/web/features/transactions.feature: Search for a user in the new transaction screen","1500","test_search_for_a_user_in_the_new_transaction_screen","test.web","2026-09-23","passed","2026-09-23","","test_scenarios","",""
"/home/runner/work/python-playwright/python-playwright/test/web/features/transactions.feature: Send a payment to a contact","1624","test_send_a_payment_to_a_contact","test.web","2026-09-23","passed","2026-09-23","","test_scenarios","",""
"","366","test_get_user_by_id_other_user","test.api.users","2026-09-23","passed","2026-09-23","","test_users","",""
"","67","test_get_test_data_by_entity[bankaccounts]","test.api.testdata","2026-09-23","passed","2026-09-23","","test_testdata","",""
"","173","test_get_likes_invalid_id","test.api.likes","2026-09-23","passed","2026-09-23","","test_likes","",""
"","88","test_login[user_blocked-s3cret-401]","test.api.login","2026-09-23","passed","2026-09-23","","test_login","",""
"","295","test_transactions_page_two","test.api.transaction","2026-09-23","passed","2026-09-23","","test_transactions","",""
"/home/runner/work/python-playwright/python-playwright/test/web/features/bank_accounts.feature: See a validation error for a missing routing number","1289","test_see_a_validation_error_for_a_missing_routing_number","test.web","2026-09-23","passed","2026-09-23","","test_scenarios","",""
"/home/runner/work/python-playwright/python-playwright/test/web/features/bank_accounts.feature: Add a bank account successfully","1377","test_add_a_bank_account_successfully","test.web","2026-09-23","passed","2026-09-23","","test_scenarios","",""
"","135","test_login[Heath93-password_expired-401]","test.api.login","2026-09-23","passed","2026-09-23","","test_login","",""
"/home/runner/work/python-playwright/python-playwright/test/web/features/transactions.feature: Create a payment request","1592","test_create_a_payment_request","test.web","2026-09-23","passed","2026-09-23","","test_scenarios","",""
"","79","test_login[wrong_user-s3cret-401]","test.api.login","2026-09-23","passed","2026-09-23","","test_login","",""
"","157","test_transactions_page_beyond_range","test.api.transaction","2026-09-23","passed","2026-09-23","","test_transactions","",""
"","288","test_users_list","test.api.users","2026-09-23","passed","2026-09-23","","test_users","",""
"","310","test_delete_contact","test.api.contacts","2026-09-23","passed","2026-09-23","","test_contacts","",""
"","289","test_patch_transaction_invalid_id","test.api.transaction","2026-09-23","passed","2026-09-23","","test_transactions","",""
"","139","test_patch_user_invalid_id","test.api.users","2026-09-23","passed","2026-09-23","","test_users","",""
"","77","test_bank_accounts_list_without_auth","test.api.bankaccounts","2026-09-23","passed","2026-09-23","","test_bankaccounts","",""
"","310","test_get_comments","test.api.comments","2026-09-23","passed","2026-09-23","","test_comments","",""
"","223","test_list_bank_accounts","test.api.graphql","2026-09-23","passed","2026-09-23","","test_graphql","",""
"","293","test_get_user_profile","test.api.users","2026-09-23","passed","2026-09-23","","test_users","",""
"/home/runner/work/python-playwright/python-playwright/test/web/features/transaction_privacy.feature: A private transaction is visible to its own participants","1535","test_a_private_transaction_is_visible_to_its_own_participants","test.web","2026-09-23","passed","2026-09-23","","test_scenarios","",""
"","156","test_post_bank_account_validation_errors[payload0-routingNumber]","test.api.bankaccounts","2026-09-23","passed","2026-09-23","","test_bankaccounts","",""
"","84","test_get_test_data_by_entity[transactions]","test.api.testdata","2026-09-23","passed","2026-09-23","","test_testdata","",""
"","81","test_get_test_data_by_entity[notifications]","test.api.testdata","2026-09-23","passed","2026-09-23","","test_testdata","",""
"","395","test_get_likes","test.api.likes","2026-09-23","passed","2026-09-23","","test_likes","",""
"","363","test_get_bank_account_by_id_invalid_id","test.api.bankaccounts","2026-09-23","passed","2026-09-23","","test_bankaccounts","",""
"","158","test_login_without_remember_uses_a_session_cookie","test.api.login","2026-09-23","passed","2026-09-23","","test_login","",""
"/home/runner/work/python-playwright/python-playwright/test/web/features/bank_accounts.feature: Delete a bank account","1293","test_delete_a_bank_account","test.web","2026-09-23","passed","2026-09-23","","test_scenarios","",""
"","297","test_post_contact_invalid_id","test.api.contacts","2026-09-23","passed","2026-09-23","","test_contacts","",""
"","217","test_post_bank_account","test.api.bankaccounts","2026-09-23","passed","2026-09-23","","test_bankaccounts","",""
"","32","test_get_test_data_by_entity[users]","test.api.testdata","2026-09-23","passed","2026-09-23","","test_testdata","",""
"/home/runner/work/python-playwright/python-playwright/test/web/features/transactions.feature: Add a comment to a transaction","1445","test_add_a_comment_to_a_transaction","test.web","2026-09-23","passed","2026-09-23","","test_scenarios","",""
"","83","test_list_bank_accounts_without_auth","test.api.graphql","2026-09-23","passed","2026-09-23","","test_graphql","",""
"","395","test_delete_bank_account","test.api.graphql","2026-09-23","passed","2026-09-23","","test_graphql","",""
"","78","test_get_test_data_by_entity[comments]","test.api.testdata","2026-09-23","passed","2026-09-23","","test_testdata","",""
"","288","test_patch_notification_invalid_id","test.api.notifications","2026-09-23","passed","2026-09-23","","test_notifications","",""
"/home/runner/work/python-playwright/python-playwright/test/web/features/login.feature: Remember me keeps a persistent session cookie","1360","test_remember_me_keeps_a_persistent_session_cookie","test.web","2026-09-23","passed","2026-09-23","","test_scenarios","",""
"","134","test_login_with_remember_extends_the_cookie_expiry","test.api.login","2026-09-23","passed","2026-09-23","","test_login","",""
"","263","test_transactions","test.api.transaction","2026-09-23","passed","2026-09-23","","test_transactions","",""
"","68","test_login[-s3cret-400]","test.api.login","2026-09-23","passed","2026-09-23","","test_login","",""
"","146","test_login[Heath93-wrong_password-401]","test.api.login","2026-09-23","passed","2026-09-23","","test_login","",""
"/home/runner/work/python-playwright/python-playwright/test/web/features/signup.feature: See a validation error when passwords do not match","1207","test_see_a_validation_error_when_passwords_do_not_match","test.web","2026-09-23","passed","2026-09-23","","test_scenarios","",""
"/home/runner/work/python-playwright/python-playwright/test/web/features/login.feature: Show onboarding with new user","1657","test_show_onboarding_with_new_user[new_user-s3cret]","test.web","2026-09-23","passed","2026-09-23","","test_scenarios","",""
"","608","test_patch_notification_mark_read","test.api.notifications","2026-09-23","passed","2026-09-23","","test_notifications","",""
"/home/runner/work/python-playwright/python-playwright/test/web/features/notifications.feature: View the list of notifications","1227","test_view_the_list_of_notifications","test.web","2026-09-23","passed","2026-09-23","","test_scenarios","",""
"","390","test_post_bank_account_validation_errors[payload2-bankName]","test.api.bankaccounts","2026-09-23","passed","2026-09-23","","test_bankaccounts","",""
"","156","test_get_contacts_by_username","test.api.contacts","2026-09-23","passed","2026-09-23","","test_contacts","",""
"","355","test_post_transaction_validation_errors[payload2-transactionType]","test.api.transaction","2026-09-23","passed","2026-09-23","","test_transactions","",""
"","501","test_get_user_by_id_own","test.api.users","2026-09-23","passed","2026-09-23","","test_users","",""
"","361","test_post_bank_account_validation_errors[payload1-accountNumber]","test.api.bankaccounts","2026-09-23","passed","2026-09-23","","test_bankaccounts","",""
"","325","test_get_transaction_by_id","test.api.transaction","2026-09-23","passed","2026-09-23","","test_transactions","",""
"","393","test_bank_accounts_list","test.api.bankaccounts","2026-09-23","passed","2026-09-23","","test_bankaccounts","",""
"/home/runner/work/python-playwright/python-playwright/test/web/features/transactions.feature: Like a transaction","1271","test_like_a_transaction","test.web","2026-09-23","passed","2026-09-23","","test_scenarios","",""
"","79","test_login[Heath93-s3cret-200]","test.api.login","2026-09-23","passed","2026-09-23","","test_login","",""
"","488","test_users_search_missing_query","test.api.users","2026-09-23","passed","2026-09-23","","test_users","",""
"/home/runner/work/python-playwright/python-playwright/test/web/features/transactions.feature: Filter personal transactions by date range","1742","test_filter_personal_transactions_by_date_range","test.web","2026-09-23","passed","2026-09-23","","test_scenarios","",""
"","65","test_get_test_data_invalid_entity","test.api.testdata","2026-09-23","passed","2026-09-23","","test_testdata","",""
"/home/runner/work/python-playwright/python-playwright/test/web/features/login.feature: Complete onboarding by creating the first bank account","2933","test_complete_onboarding_by_creating_the_first_bank_account","test.web","2026-09-23","passed","2026-09-23","","test_scenarios","",""
"","632","test_post_like","test.api.likes","2026-09-23","passed","2026-09-23","","test_likes","",""
"","495","test_post_comment","test.api.comments","2026-09-23","passed","2026-09-23","","test_comments","",""
"/home/runner/work/python-playwright/python-playwright/test/web/features/login.feature: Successful login with valid credentials","1577","test_successful_login_with_valid_credentials","test.web","2026-09-23","passed","2026-09-23","","test_scenarios","",""
"","155","test_post_transaction_validation_errors[payload0-receiverId]","test.api.transaction","2026-09-23","passed","2026-09-23","","test_transactions","",""
"","330","test_create_bank_account","test.api.graphql","2026-09-23","passed","2026-09-23","","test_graphql","",""
"","68","test_get_test_data_by_entity[banktransfers]","test.api.testdata","2026-09-23","passed","2026-09-23","","test_testdata","",""
"","322","test_transactions_contacts","test.api.transaction","2026-09-23","passed","2026-09-23","","test_transactions","",""
"","152","test_notifications_list_without_auth","test.api.notifications","2026-09-23","passed","2026-09-23","","test_notifications","",""
"","150","test_delete_bank_account_invalid_id","test.api.bankaccounts","2026-09-23","passed","2026-09-23","","test_bankaccounts","",""
"/home/runner/work/python-playwright/python-playwright/test/web/features/signup.feature: Sign up successfully and log in with the new account","1653","test_sign_up_successfully_and_log_in_with_the_new_account","test.web","2026-09-23","passed","2026-09-23","","test_scenarios","",""
"/home/runner/work/python-playwright/python-playwright/test/web/features/transactions.feature: Searching for an unknown user shows no results","1548","test_searching_for_an_unknown_user_shows_no_results","test.web","2026-09-23","passed","2026-09-23","","test_scenarios","",""
"","391","test_logout_ends_the_session","test.api.login","2026-09-23","passed","2026-09-23","","test_login","",""
"/home/runner/work/python-playwright/python-playwright/test/web/features/transactions.feature: Reject a pending payment request","1339","test_reject_a_pending_payment_request","test.web","2026-09-23","passed","2026-09-23","","test_scenarios","",""
